,PRODUCT
0,Pizza Boxes X100 (12 Inch)
1,Ready Mix Fireaway Flour 25KG
2,Semolina Streching Flour- 25KG
3,Franks- Red Hot Buffalo Sauce- 3.78/3.9KG
4,Mozzarella 2KG X 6
5,Buffalo- 2KG
6,Vegan Strips/ Plant Based Goujons- 5 X 1KG
7,Vegan Cheese- 1KG
8,Sliced Pepperoni- 10 X 1KG
9,Mango Topping Sauce(Simply)- 1KG
10,Strawberry Topping Sauce(Simply)- 1KG
11,Luxury Milk Chocolate Topping Sauce(Simply)- 1KG
12,Diet Coke 330ML X 24(Can)
13,Coca-Cola Zero Sugar 330ML X 24 (Can)
14,Pesto Base Sauce- 1.5KG
15,Jalapaneo- 3KG X 6
16,SweetCorn(Big)- 2.1KG X 6
17,Fireaway MilkShake Cups & Lids (400)
18,Turkey Rashers/Bacon- (5KG) 10 X 500G
19,Tandoori Diced Chicken- 10KG
20,Italian Beef Sausage- 10KG
21,Kinder Homemade Cookies X10
22,Rolo Homemade Cookies- X10
23,Milk Chocolate Homemade Cookies- X10
24,Oreo Homemade Cookies- X10
25,Red Velvet Homemade Cookies X10
26,Lotus Biscoff- X300
27,Garlic & Basil Spread(Vegan)- 1L X 7
28,Tomato For Base
29,Chicken Strips- 10KG
30,Chicken Wings Hot & Spicy- 10KG
31,BBQ Sauce Base- 1L X 10
32,Fanta Orange 1.25 X 12 (Bottle)
33,Coca-Cola 1.25L X 12 (Bottle)
34,Coca-Cola 330ML X 24 (Can)
35,Fanta Orange 330ML X 24 (Can)
36,Cheddar- 5KG
37,Herb Shaker
38,Black Serving Tong
39,Squeeze Sauce Bottle- Clear 
40,Squeeze Sauce Bottle- Red
41,Squeeze Sauce Bottle- Brown
42,Pizza Cutter- Black
43,Pizza Cutter- Green 
44,Pizza Cutter- Red
45,Chef Pizza Board
46,Energy Efficient LED Fly Killer- 50M Squared
47,Immersion Hand/Stick Blender
48,Electronic Scale- 5KG
49,Chef Kinife- Green 
50,Chef Kinife- Brown
51,Meat Slicer- 220MM
52,Chef Kinife- Yellow
53,Red Bull Energy Drink- 24 X 250ML
54,Red BullSugar Free- 24 X 250ML
55,Red Bull Tropical- 12 X 250 ML
56,Parmesean- 1KG
57,Blue Roll (Pack of 6)
58,Fireaway Container & Lids (250)
59,Vegan Pepperoni- 6 X 500G
60,Crispy Onions- 2.5KG
61,Tomato Ketchup Dips- 25G X 100
62,NXT LVL- Plain Circle Container + Lids- X300
63,Sprite 330ML X 24 (Can)
64,Diet Coke 1.25L X 12 (Bottle)
65,Coca-Cola Zero Sugar 1.25L X 12 (Bottle)
66,Saka Still Water (24)
67,San Pellegrino Lemon Case (24)
68,San Pellegrino Blood Orange Case (24)
69,Capri Sun Orange(No Added Sugar)- 32 X 200ML
70,Sun-Dried Tomatoes- 2.9KG X 2
71,AdBlue(Diesel)
72,Buttermilk Ranch Dips- 25G X 200
73,Hot Peri Peri Dips- 25G X 200
74,Sweet Chilli Dips- 25G X 200
75,Diced Cooked Chicken- 10KG
76,Garlic & Herb Dips(Vegan)- 2G X 200 Dips
77,Bubblegum Topping Sauce(Simply)- 1KG
78,Raspberry Topping Sauce(Simply)- 1KG
79,Sweetcorn(Small)- 12 X 340G
80,PDV Salt- 25KG
81,(Pasta) Casarecce with Carbonara Sauce X12
82,(Pasta) Penne Spicy Cream Tomato Sauce Chicken & Mushrooms- X12
83,(Pasta) Mac & Cheese- X28
84,(Pasta) Lasagne Beef Ragu Bechamel Sauce- X28
85,(Pasta) Penne With Tomato Basil Sauce- X12
86,Nutella 3KG Tub X 2 (6KG)
87,Pasta Contaioners and Lids- X300
88,Blue Spatula
89,Pizza Peel / Oven Brush Rack
90,Oven Brush
91,Pizza Peel
92,Natco Crushed Chillies
93,BBQ Dips(Vegan)- 25G X 200
94,Sicilian Beef Meatballs- 10KG
95,Icing Sugar- 50G
96,Oreo Box
97,Oregano- 400G
98,French Dressing- 1L
99,Square Dough Tray
100,Turkey Ham- 7.2KG
101,2 Cup Carriers- X320
102,Circle Fireaway Containers and Lids
103,San Pellegrino Orange Case (24)
104,Black Solid Paper Straws- 8MM X 200MM
105,Wilderbee Original Hot Honey- 1.4KG
106,Black Olives- 4.1KG X 3
107,Green Olives- 4.1KG X 3
108,(Pasta) Casarecce With Pesto Cream Sauce-  X12
109,Rowse Honey- 1.36KG
110,Marshmallows
111,Pineapple Tin (Small)- 12 X 825G
112,Clingfilm
113,Pizza Boxes X100 (9 Inch)
114,Small Contaier- 100
115,Crack Cookies
116,Grease Paper 3KG (12 Inch)
117,Fireaway Polo- Medium
118,Fireaway Polo- Extra Large
119,Fireaway Polo- Large
120,Vegetarian Pistachio Cannoli- 1.5KG
121,Vegetarian Chocolate Cannoli- 1.5KG
122,Vegetarian Lemon Cannoli- 1.5KG
123,Pistachio Topping Sauce(Simply)- 1KG
124,Fireaway Dough Balls Rounder
125,Small Carrier Bags- 250
126,Disposable Gloves- 1000
127,Apron (Fireaway Branded)
128,Fireaway Hoody- Extra Large
129,Fireaway Cap- Black
130,Fireaway Cap- Oragne
131,Chopping Board Set
132,Fireaway Pizza Special Edition T-Shirt (White)- Medium
133,Fireaway Pizza Special Edition T-Shirt (Black)- Large
134,Fireaway Pizza Special Edition T-Shirt (White)- Large
135,Original Caesar Dressing
136,Fireaway Pizza Special Edition T-Shirt (Orange)- Medium
137,Fireaway Pizza Special Edition T-Shirt (Orange)- Large
138,Fireaway Special Edition Cap
139,Halloumi- 1KG
140,Grease Paper 3KG (9 Inch)
141,Blue Cheese- 1L
142,Fireaway Pizza Special Edition T-Shirt (White)- Small
143,Fireaway Pizza Special Edition T-Shirt (Black)- Medium
144,Fireaway Pizza Special Edition T-Shirt (Black)- Small
145,Fireaway Milkshake Cups 12OZ
146,Fireaway Hoody- Small
147,Fireaway Hoodie- Large
148,Fireaway Pizza Special Edition T-Shirt (Orange)- Small
149,Gastro 1/4 Container(Metal)- 150MM
150,Heat Resistant Spoonula 10 Inch (Pasta Spoon)
151,Gluten Free Pizza Protecter
152,
