,SUPPLIER
0,ANKUTSAN
1,MOLINI PIZZUTI S.R.L.
2,RH AMAR
3,LEPRINO FOODS
4,MAMMA FIORE
5,MPO GLOBAL
6,UPFIELD
7,MINSTER FOODS
8,ITALIAN BEVERAGE COMPANY
9,COCA COLA (CCEP)
10,MARTIN MATTEW
11,TREND PACK
12,WEST BAKES
13,CFW
14,RIVA FOODS
15,STERILTOM
16,H SMITH
17,CRUCIAL FOODS
18,FAYRE FIELD
19,UROPA - EQUIPMENT 
20,RED BULL
21,GRANTERRE
22,LONDON LIDS LTD
23,UNILEVER
24,KTC FOOD GROUP
25,B1 EUROPE LTD
26,BADITECH
27,HOLLAND BAZZAR
28,JE MORTEN LTD
29,CREATIVE FOODS
30,THE SALT COMPANY
31,WHATS COOKING
32,FERRERO
33,I2R
34,G.I METAL
35,NATCO
36,SOLENT PLASTIC
37,THE LOTUS BAKERY
38,PAPER STRAW LTD
39,WILDER KITCHEN
40,TWO BROTHERS
41,VALEO FOOD GROUPS
42,MONMORE CONFECTIONERY
43,JAMES BURDEN
44,MEGA PRINT PACK
45,Nayims Embroideries Ltd
46,POSITANO FORNO
47,ATTREZZATURE
48,HUDA BOX
49,Medi Trade UK
50,Golden Box
51,BI Limited
52,BALI
53,
